{
    "total_runtime": 73.38164496421814,
    "num_documents": 1,
    "input_load_time": 0,
    "workflows": {
        "create_base_text_units": {
            "overall": 1.3458011150360107,
            "0_orderby": 0.027705669403076172,
            "1_zip": 0.01737380027770996,
            "2_aggregate_override": 0.06864523887634277,
            "3_chunk": 0.8576009273529053,
            "4_select": 0.06300115585327148,
            "5_unroll": 0.036634206771850586,
            "6_rename": 0.03098773956298828,
            "7_genid": 0.023932933807373047,
            "8_unzip": 0.027830123901367188,
            "9_copy": 0.032525062561035156,
            "10_filter": 0.12314176559448242
        },
        "create_base_extracted_entities": {
            "overall": 68.9643702507019,
            "0_entity_extract": 68.74058079719543,
            "1_merge_graphs": 0.2084670066833496
        },
        "create_summarized_entities": {
            "overall": 0.02907109260559082,
            "0_summarize_descriptions": 0.020083189010620117
        }
    }
}