{
    "total_runtime": 68.13596487045288,
    "num_documents": 1,
    "input_load_time": 0,
    "workflows": {
        "create_base_text_units": {
            "overall": 0.31289029121398926,
            "0_orderby": 0.0031540393829345703,
            "1_zip": 0.005167961120605469,
            "2_aggregate_override": 0.011319160461425781,
            "3_chunk": 0.22099781036376953,
            "4_select": 0.004381895065307617,
            "5_unroll": 0.009813070297241211,
            "6_rename": 0.0053789615631103516,
            "7_genid": 0.006728172302246094,
            "8_unzip": 0.008781194686889648,
            "9_copy": 0.005889177322387695,
            "10_filter": 0.028551816940307617
        },
        "create_base_extracted_entities": {
            "overall": 67.19628095626831,
            "0_entity_extract": 67.16856718063354,
            "1_merge_graphs": 0.02117300033569336
        },
        "create_summarized_entities": {
            "overall": 0.01716303825378418,
            "0_summarize_descriptions": 0.010686874389648438
        }
    }
}