{
    "total_runtime": 69.08496308326721,
    "num_documents": 1,
    "input_load_time": 0,
    "workflows": {
        "create_base_text_units": {
            "overall": 0.351733922958374,
            "0_orderby": 0.003142833709716797,
            "1_zip": 0.006094932556152344,
            "2_aggregate_override": 0.016546010971069336,
            "3_chunk": 0.25417304039001465,
            "4_select": 0.00460505485534668,
            "5_unroll": 0.008857011795043945,
            "6_rename": 0.0060999393463134766,
            "7_genid": 0.00886082649230957,
            "8_unzip": 0.010145187377929688,
            "9_copy": 0.006214141845703125,
            "10_filter": 0.02323007583618164
        },
        "create_base_extracted_entities": {
            "overall": 67.91179180145264,
            "0_entity_extract": 67.87178301811218,
            "1_merge_graphs": 0.03279685974121094
        },
        "create_summarized_entities": {
            "overall": 0.020184040069580078,
            "0_summarize_descriptions": 0.013611078262329102
        }
    }
}