{
    "total_runtime": 3.420264959335327,
    "num_documents": 1,
    "input_load_time": 0,
    "workflows": {
        "create_base_text_units": {
            "overall": 1.410933017730713,
            "0_orderby": 0.011628150939941406,
            "1_zip": 0.03178811073303223,
            "2_aggregate_override": 0.03204083442687988,
            "3_chunk": 1.1153619289398193,
            "4_select": 0.024121761322021484,
            "5_unroll": 0.041475772857666016,
            "6_rename": 0.03335976600646973,
            "7_genid": 0.026360034942626953,
            "8_unzip": 0.016523122787475586,
            "9_copy": 0.024815797805786133,
            "10_filter": 0.04783296585083008
        },
        "create_base_extracted_entities": {
            "overall": 1.1424438953399658,
            "0_entity_extract": 1.0656399726867676,
            "1_merge_graphs": 0.06246185302734375
        },
        "create_summarized_entities": {
            "overall": 0.10260915756225586,
            "0_summarize_descriptions": 0.08901715278625488
        }
    }
}