{
    "total_runtime": 140.80023407936096,
    "num_documents": 1,
    "input_load_time": 0,
    "workflows": {
        "create_base_text_units": {
            "overall": 1.0632188320159912,
            "0_orderby": 0.01686716079711914,
            "1_zip": 0.013821125030517578,
            "2_aggregate_override": 0.09721612930297852,
            "3_chunk": 0.7402961254119873,
            "4_select": 0.01146388053894043,
            "5_unroll": 0.02988600730895996,
            "6_rename": 0.011488914489746094,
            "7_genid": 0.011198997497558594,
            "8_unzip": 0.014409065246582031,
            "9_copy": 0.018229961395263672,
            "10_filter": 0.09532308578491211
        },
        "create_base_extracted_entities": {
            "overall": 136.5146679878235,
            "0_entity_extract": 136.3741807937622,
            "1_merge_graphs": 0.1320650577545166
        },
        "create_summarized_entities": {
            "overall": 0.22815608978271484,
            "0_summarize_descriptions": 0.19740891456604004
        }
    }
}