{
    "total_runtime": 2.0106329917907715,
    "num_documents": 1,
    "input_load_time": 0,
    "workflows": {
        "create_base_text_units": {
            "overall": 0.4641609191894531,
            "0_orderby": 0.004800081253051758,
            "1_zip": 0.006838083267211914,
            "2_aggregate_override": 0.009727954864501953,
            "3_chunk": 0.34017300605773926,
            "4_select": 0.0062448978424072266,
            "5_unroll": 0.008552074432373047,
            "6_rename": 0.009931087493896484,
            "7_genid": 0.013791084289550781,
            "8_unzip": 0.014278173446655273,
            "9_copy": 0.010552167892456055,
            "10_filter": 0.036149024963378906
        },
        "create_base_extracted_entities": {
            "overall": 0.8781321048736572,
            "0_entity_extract": 0.8562819957733154,
            "1_merge_graphs": 0.015487194061279297
        },
        "create_summarized_entities": {
            "overall": 0.04041004180908203,
            "0_summarize_descriptions": 0.026649951934814453
        }
    }
}